date,unit,team,name,title,dc,df,cc,cf,ju,sh,zh
2026-09-30,HC157,吳浚源,吳浚源,UM,0.0,0.0,0.0,0.0,0,0,0
2026-09-30,HC157,吳浚源,梁璦玲,CA,1.0,14546.0,1.0,14546.0,1,1,0
2026-09-30,HC157,吳浚源,蔡雅雯,CA,0.0,0.0,0.0,0.0,0,0,0
2026-09-30,HC157,吳浚源,林漢薇,CA,0.0,0.0,0.0,0.0,0,0,0
2026-09-30,HC157,吳浚源,王麗芳,CA,0.0,0.0,0.0,0.0,0,0,0
2026-09-30,HC157,陳玉蓁,余賽艷,RSA,0.0,0.0,0.0,0.0,0,0,0
2026-09-30,HC157,陳玉蓁,陳玉蓁,MAM,1.0,10303.0,1.0,10303.0,1,0,0
2026-09-30,HC157,范曉涓,范曉涓,MS,2.0,14113.0,2.0,14113.0,1,0,0
2026-09-30,HC157,胡樹鴻,胡樹鴻,AM,2.0,217458.0,2.0,217458.0,1,1,1
2026-09-30,HC157,胡樹鴻,高惠柔,CA,0.0,0.0,0.0,0.0,0,0,0
2026-09-30,HC157,胡樹鴻,韋成龍,CA,1.0,9991.0,1.0,9991.0,1,0,0
2026-09-30,HC157,劉睿峰,劉睿峰,MS,0.0,0.0,0.0,0.0,0,0,0
2026-09-30,HC157,蔡芸萱,蔡芸萱,AM,0.0,0.0,0.0,0.0,0,0,0
2026-09-30,HC157,蔡芸萱,陳寶兒,CA,0.0,0.0,0.0,0.0,0,0,0
2026-09-30,HC157,魏淑惠,魏淑惠,UM,2.0,27341.0,2.0,27341.0,1,1,1
2026-09-30,HC157,魏淑惠,林貴珍,CA,0.0,0.0,0.0,0.0,0,0,0
2026-09-30,HC157,魏淑惠,唐韻琦,CA,1.0,13492.0,1.0,13492.0,1,1,0
2026-09-30,HC157,魏淑惠,程政紘,CA,1.0,14554.0,1.0,14554.0,1,1,0
2026-09-30,HC157,魏淑惠,宋娸華,CA,0.0,0.0,0.0,0.0,0,0,0
2026-09-30,HC157,魏淑惠,胡家凱,CA,0.0,0.0,0.0,0.0,0,0,0
2026-10-01,HC157,吳浚源,吳浚源,UM,0.0,0.0,0.0,0.0,0,0,0
2026-10-01,HC157,吳浚源,梁璦玲,CA,0.0,0.0,1.0,14546.0,1,1,0
2026-10-01,HC157,吳浚源,蔡雅雯,CA,0.0,0.0,0.0,0.0,0,0,0
2026-10-01,HC157,吳浚源,林漢薇,CA,0.0,0.0,0.0,0.0,0,0,0
2026-10-01,HC157,吳浚源,王麗芳,CA,0.0,0.0,0.0,0.0,0,0,0
2026-10-01,HC157,陳玉蓁,余賽艷,RSA,0.0,0.0,0.0,0.0,0,0,0
2026-10-01,HC157,陳玉蓁,陳玉蓁,MAM,0.0,0.0,1.0,10303.0,1,0,0
2026-10-01,HC157,范曉涓,范曉涓,MS,0.0,0.0,2.0,14113.0,1,0,0
2026-10-01,HC157,胡樹鴻,胡樹鴻,AM,0.0,0.0,2.0,217458.0,1,1,1
2026-10-01,HC157,胡樹鴻,高惠柔,CA,0.0,0.0,0.0,0.0,0,0,0
2026-10-01,HC157,胡樹鴻,韋成龍,CA,0.0,0.0,1.0,9991.0,1,0,0
2026-10-01,HC157,劉睿峰,劉睿峰,MS,0.0,0.0,0.0,0.0,0,0,0
2026-10-01,HC157,蔡芸萱,蔡芸萱,AM,2.0,169197.0,2.0,169197.0,1,1,1
2026-10-01,HC157,蔡芸萱,陳寶兒,CA,0.0,0.0,0.0,0.0,0,0,0
2026-10-01,HC157,魏淑惠,魏淑惠,UM,0.0,0.0,2.0,27341.0,1,1,1
2026-10-01,HC157,魏淑惠,林貴珍,CA,0.0,0.0,0.0,0.0,0,0,0
2026-10-01,HC157,魏淑惠,唐韻琦,CA,0.0,0.0,1.0,13492.0,1,1,0
2026-10-01,HC157,魏淑惠,程政紘,CA,0.0,0.0,1.0,14554.0,1,1,0
2026-10-01,HC157,魏淑惠,宋娸華,CA,0.0,0.0,0.0,0.0,0,0,0
2026-10-01,HC157,魏淑惠,胡家凱,CA,0.0,0.0,0.0,0.0,0,0,0
2026-10-02,HC157,吳浚源,吳浚源,UM,0.0,0.0,0.0,0.0,0,0,0
2026-10-02,HC157,吳浚源,梁璦玲,CA,0.0,0.0,1.0,14546.0,1,1,0
2026-10-02,HC157,吳浚源,蔡雅雯,CA,0.0,0.0,0.0,0.0,0,0,0
2026-10-02,HC157,吳浚源,林漢薇,CA,0.0,0.0,0.0,0.0,0,0,0
2026-10-02,HC157,吳浚源,王麗芳,CA,0.0,0.0,0.0,0.0,0,0,0
2026-10-02,HC157,陳玉蓁,余賽艷,RSA,0.0,0.0,0.0,0.0,0,0,0
2026-10-02,HC157,陳玉蓁,陳玉蓁,MAM,0.0,0.0,1.0,10303.0,1,0,0
2026-10-02,HC157,范曉涓,范曉涓,MS,0.0,0.0,2.0,14113.0,1,0,0
2026-10-02,HC157,胡樹鴻,胡樹鴻,AM,0.0,0.0,2.0,217458.0,1,1,1
2026-10-02,HC157,胡樹鴻,高惠柔,CA,0.0,0.0,0.0,0.0,0,0,0
2026-10-02,HC157,胡樹鴻,韋成龍,CA,0.0,0.0,1.0,9991.0,1,0,0
2026-10-02,HC157,劉睿峰,劉睿峰,MS,0.0,0.0,0.0,0.0,0,0,0
2026-10-02,HC157,蔡芸萱,蔡芸萱,AM,0.0,0.0,2.0,169197.0,1,1,1
2026-10-02,HC157,蔡芸萱,陳寶兒,CA,0.0,0.0,0.0,0.0,0,0,0
2026-10-02,HC157,魏淑惠,魏淑惠,UM,0.0,0.0,2.0,27341.0,1,1,1
2026-10-02,HC157,魏淑惠,林貴珍,CA,0.0,0.0,0.0,0.0,0,0,0
2026-10-02,HC157,魏淑惠,唐韻琦,CA,0.0,0.0,1.0,13492.0,1,1,0
2026-10-02,HC157,魏淑惠,程政紘,CA,0.0,0.0,1.0,14554.0,1,1,0
2026-10-02,HC157,魏淑惠,宋娸華,CA,0.0,0.0,0.0,0.0,0,0,0
2026-10-02,HC157,魏淑惠,胡家凱,CA,0.0,0.0,0.0,0.0,0,0,0
2026-10-05,HC157,吳浚源,吳浚源,UM,0.0,0.0,0.0,0.0,0,0,0
2026-10-05,HC157,吳浚源,梁璦玲,CA,0.0,0.0,1.0,14546.0,1,1,0
2026-10-05,HC157,吳浚源,蔡雅雯,CA,2.0,57600.0,2.0,57600.0,1,1,1
2026-10-05,HC157,吳浚源,林漢薇,CA,0.0,0.0,0.0,0.0,0,0,0
2026-10-05,HC157,吳浚源,王麗芳,CA,0.0,0.0,0.0,0.0,0,0,0
2026-10-05,HC157,陳玉蓁,余賽艷,RSA,0.0,0.0,0.0,0.0,0,0,0
2026-10-05,HC157,陳玉蓁,陳玉蓁,MAM,0.0,0.0,1.0,10303.0,1,0,0
2026-10-05,HC157,范曉涓,范曉涓,MS,0.0,0.0,2.0,14113.0,1,0,0
2026-10-05,HC157,胡樹鴻,胡樹鴻,AM,0.0,0.0,2.0,217458.0,1,1,1
2026-10-05,HC157,胡樹鴻,高惠柔,CA,0.0,0.0,0.0,0.0,0,0,0
2026-10-05,HC157,胡樹鴻,韋成龍,CA,0.0,0.0,1.0,9991.0,1,0,0
2026-10-05,HC157,劉睿峰,劉睿峰,MS,0.0,0.0,0.0,0.0,0,0,0
2026-10-05,HC157,蔡芸萱,蔡芸萱,AM,0.0,0.0,2.0,169197.0,1,1,1
2026-10-05,HC157,蔡芸萱,陳寶兒,CA,0.0,0.0,0.0,0.0,0,0,0
2026-10-05,HC157,魏淑惠,魏淑惠,UM,0.0,0.0,2.0,27341.0,1,1,1
2026-10-05,HC157,魏淑惠,林貴珍,CA,0.0,0.0,0.0,0.0,0,0,0
2026-10-05,HC157,魏淑惠,唐韻琦,CA,0.0,0.0,1.0,13492.0,1,1,0
2026-10-05,HC157,魏淑惠,程政紘,CA,0.0,0.0,1.0,14554.0,1,1,0
2026-10-05,HC157,魏淑惠,宋娸華,CA,0.0,0.0,0.0,0.0,0,0,0
2026-10-05,HC157,魏淑惠,胡家凱,CA,0.0,0.0,0.0,0.0,0,0,0
2026-10-06,HC157,吳浚源,吳浚源,UM,0.0,0.0,0.0,0.0,0,0,0
2026-10-06,HC157,吳浚源,梁璦玲,CA,0.0,0.0,1.0,14546.0,1,1,0
2026-10-06,HC157,吳浚源,蔡雅雯,CA,2.0,96000.0,4.0,153600.0,1,1,1
2026-10-06,HC157,吳浚源,林漢薇,CA,0.0,0.0,0.0,0.0,0,0,0
2026-10-06,HC157,吳浚源,王麗芳,CA,0.0,0.0,0.0,0.0,0,0,0
2026-10-06,HC157,陳玉蓁,余賽艷,RSA,0.0,0.0,0.0,0.0,0,0,0
2026-10-06,HC157,陳玉蓁,陳玉蓁,MAM,0.0,0.0,1.0,10303.0,1,0,0
2026-10-06,HC157,范曉涓,范曉涓,MS,0.0,0.0,2.0,14113.0,1,0,0
2026-10-06,HC157,胡樹鴻,胡樹鴻,AM,0.0,0.0,2.0,217458.0,1,1,1
2026-10-06,HC157,胡樹鴻,高惠柔,CA,0.0,0.0,0.0,0.0,0,0,0
2026-10-06,HC157,胡樹鴻,韋成龍,CA,0.0,0.0,1.0,9991.0,1,0,0
2026-10-06,HC157,劉睿峰,劉睿峰,MS,0.0,0.0,0.0,0.0,0,0,0
2026-10-06,HC157,蔡芸萱,蔡芸萱,AM,0.0,0.0,2.0,169197.0,1,1,1
2026-10-06,HC157,蔡芸萱,陳寶兒,CA,0.0,0.0,0.0,0.0,0,0,0
2026-10-06,HC157,魏淑惠,魏淑惠,UM,0.0,0.0,2.0,27341.0,1,1,1
2026-10-06,HC157,魏淑惠,林貴珍,CA,0.0,0.0,0.0,0.0,0,0,0
2026-10-06,HC157,魏淑惠,唐韻琦,CA,0.0,0.0,1.0,13492.0,1,1,0
2026-10-06,HC157,魏淑惠,程政紘,CA,0.0,0.0,1.0,14554.0,1,1,0
2026-10-06,HC157,魏淑惠,宋娸華,CA,0.0,0.0,0.0,0.0,0,0,0
2026-10-06,HC157,魏淑惠,胡家凱,CA,0.0,0.0,0.0,0.0,0,0,0
2026-10-07,HC157,吳浚源,吳浚源,UM,0.0,0.0,0.0,0.0,0,0,0
2026-10-07,HC157,吳浚源,梁璦玲,CA,0.0,0.0,1.0,14546.0,1,1,0
2026-10-07,HC157,吳浚源,蔡雅雯,CA,0.0,0.0,4.0,153600.0,1,1,1
2026-10-07,HC157,吳浚源,林漢薇,CA,0.0,0.0,0.0,0.0,0,0,0
2026-10-07,HC157,吳浚源,王麗芳,CA,0.0,0.0,0.0,0.0,0,0,0
2026-10-07,HC157,陳玉蓁,余賽艷,RSA,0.0,0.0,0.0,0.0,0,0,0
2026-10-07,HC157,陳玉蓁,陳玉蓁,MAM,0.0,0.0,1.0,10303.0,1,0,0
2026-10-07,HC157,范曉涓,范曉涓,MS,3.0,17200.0,5.0,31313.0,1,1,1
2026-10-07,HC157,胡樹鴻,胡樹鴻,AM,0.0,0.0,2.0,217458.0,1,1,1
2026-10-07,HC157,胡樹鴻,高惠柔,CA,0.0,0.0,0.0,0.0,0,0,0
2026-10-07,HC157,胡樹鴻,韋成龍,CA,0.0,0.0,1.0,9991.0,1,0,0
2026-10-07,HC157,劉睿峰,劉睿峰,MS,0.0,0.0,0.0,0.0,0,0,0
2026-10-07,HC157,蔡芸萱,蔡芸萱,AM,0.0,0.0,2.0,169197.0,1,1,1
2026-10-07,HC157,蔡芸萱,陳寶兒,CA,0.0,0.0,0.0,0.0,0,0,0
2026-10-07,HC157,魏淑惠,魏淑惠,UM,0.0,0.0,2.0,27341.0,1,1,1
2026-10-07,HC157,魏淑惠,林貴珍,CA,0.0,0.0,0.0,0.0,0,0,0
2026-10-07,HC157,魏淑惠,唐韻琦,CA,0.0,0.0,1.0,13492.0,1,1,0
2026-10-07,HC157,魏淑惠,程政紘,CA,0.0,0.0,1.0,14554.0,1,1,0
2026-10-07,HC157,魏淑惠,宋娸華,CA,0.0,0.0,0.0,0.0,0,0,0
2026-10-07,HC157,魏淑惠,胡家凱,CA,0.0,0.0,0.0,0.0,0,0,0
