date,range_start,range_end,unit,mgr,grp,rank_in_grp,hc,target,dc,df,cc,cf,act,real,solid
2026-09-30,2026-09-30,2026-10-27,竹佑二分處,林昭仰,A組,1.0,31.0,1460000.0,15.0,501594.0,15.0,501594.0,6.0,3.0,3.0
2026-09-30,2026-09-30,2026-10-27,HC701,范德亮,A組,2.0,85.0,4770000.0,29.0,1194340.0,29.0,1194340.0,13.0,8.0,6.0
2026-09-30,2026-09-30,2026-10-27,HC711,謝志遠,A組,3.0,45.0,1900000.0,23.0,407246.0,23.0,407246.0,14.0,7.0,5.0
2026-09-30,2026-09-30,2026-10-27,竹佑本部,范德亮,A組,4.0,29.0,2020000.0,8.0,397953.0,8.0,397953.0,3.0,2.0,1.0
2026-09-30,2026-09-30,2026-10-27,HC702,范國良,A組,5.0,41.0,1740000.0,11.0,208896.0,11.0,208896.0,8.0,5.0,4.0
2026-09-30,2026-09-30,2026-10-27,HC888,羅永成,A組,6.0,40.0,1540000.0,12.0,135157.0,12.0,135157.0,6.0,4.0,2.0
2026-09-30,2026-09-30,2026-10-27,HC899,陳俊郎,A組,7.0,111.0,3530000.0,14.0,211609.0,14.0,211609.0,10.0,6.0,3.0
2026-09-30,2026-09-30,2026-10-27,HC798,闕博川,A組,8.0,40.0,1580000.0,13.0,90769.0,13.0,90769.0,8.0,3.0,0.0
2026-09-30,2026-09-30,2026-10-27,HC157,王新智,B組,1.0,19.0,660000.0,11.0,321798.0,11.0,321798.0,8.0,5.0,2.0
2026-09-30,2026-09-30,2026-10-27,竹佑一分處,李永瀚,B組,2.0,25.0,1290000.0,6.0,294793.0,6.0,294793.0,4.0,3.0,2.0
2026-09-30,2026-09-30,2026-10-27,MLD50,温樂芸,B組,3.0,36.0,1430000.0,22.0,256696.0,22.0,256696.0,15.0,6.0,3.0
2026-09-30,2026-09-30,2026-10-27,HC198,鄭素珠,B組,4.0,36.0,1350000.0,10.0,199143.0,10.0,199143.0,5.0,3.0,2.0
2026-09-30,2026-09-30,2026-10-27,MLD00,金明建,B組,5.0,32.0,1160000.0,21.0,157380.0,21.0,157380.0,6.0,4.0,2.0
2026-09-30,2026-09-30,2026-10-27,HC789,陳仕君,B組,6.0,20.0,730000.0,5.0,84448.0,5.0,84448.0,3.0,2.0,2.0
2026-09-30,2026-09-30,2026-10-27,K1160,陳正和,B組,7.0,33.0,1400000.0,5.0,67686.0,5.0,67686.0,4.0,2.0,1.0
2026-09-30,2026-09-30,2026-10-27,HCD00,陳婉琳,B組,8.0,33.0,1290000.0,6.0,59947.0,6.0,59947.0,4.0,2.0,0.0
2026-09-30,2026-09-30,2026-10-27,HC169,李吳宅,B組,9.0,20.0,660000.0,0.0,0.0,0.0,0.0,0.0,0.0,0.0
2026-09-30,2026-09-30,2026-10-27,竹苗區部,洪宏吉,,,591.0,23690000.0,182.0,3395115.0,182.0,3395115.0,104.0,57.0,32.0
2026-10-01,2026-09-30,2026-10-27,竹佑二分處,林昭仰,A組,1.0,31.0,1460000.0,7.0,109761.0,22.0,611355.0,8.0,4.0,4.0
2026-10-01,2026-09-30,2026-10-27,HC701,范德亮,A組,2.0,85.0,4770000.0,13.0,376409.0,43.0,1575457.0,19.0,10.0,8.0
2026-10-01,2026-09-30,2026-10-27,竹佑本部,范德亮,A組,3.0,29.0,2020000.0,5.0,261062.0,14.0,663723.0,6.0,3.0,2.0
2026-10-01,2026-09-30,2026-10-27,HC711,謝志遠,A組,4.0,45.0,1900000.0,4.0,45037.0,27.0,452283.0,15.0,7.0,5.0
2026-10-01,2026-09-30,2026-10-27,HC702,范國良,A組,5.0,41.0,1740000.0,3.0,145795.0,14.0,354691.0,9.0,6.0,5.0
2026-10-01,2026-09-30,2026-10-27,HC798,闕博川,A組,6.0,40.0,1580000.0,9.0,153502.0,23.0,258131.0,13.0,8.0,4.0
2026-10-01,2026-09-30,2026-10-27,HC888,羅永成,A組,7.0,40.0,1540000.0,4.0,55832.0,16.0,190989.0,8.0,5.0,2.0
2026-10-01,2026-09-30,2026-10-27,HC899,陳俊郎,A組,8.0,111.0,3530000.0,5.0,28528.0,19.0,240137.0,12.0,7.0,3.0
2026-10-01,2026-09-30,2026-10-27,HC157,王新智,B組,1.0,19.0,660000.0,2.0,169197.0,13.0,490995.0,9.0,6.0,3.0
2026-10-01,2026-09-30,2026-10-27,MLD50,温樂芸,B組,2.0,36.0,1430000.0,5.0,79488.0,27.0,336184.0,18.0,7.0,4.0
2026-10-01,2026-09-30,2026-10-27,竹佑一分處,李永瀚,B組,3.0,25.0,1290000.0,1.0,5586.0,7.0,300379.0,5.0,3.0,2.0
2026-10-01,2026-09-30,2026-10-27,HC198,鄭素珠,B組,4.0,37.0,1350000.0,4.0,28900.0,14.0,228043.0,9.0,3.0,2.0
2026-10-01,2026-09-30,2026-10-27,HC789,陳仕君,B組,5.0,20.0,730000.0,2.0,23714.0,7.0,108162.0,5.0,3.0,2.0
2026-10-01,2026-09-30,2026-10-27,MLD00,金明建,B組,6.0,32.0,1160000.0,2.0,2702.0,23.0,160082.0,6.0,4.0,2.0
2026-10-01,2026-09-30,2026-10-27,HC169,李吳宅,B組,7.0,20.0,660000.0,1.0,80604.0,1.0,80604.0,1.0,1.0,1.0
2026-10-01,2026-09-30,2026-10-27,HCD00,陳婉琳,B組,8.0,33.0,1290000.0,2.0,28213.0,8.0,88160.0,5.0,3.0,1.0
2026-10-01,2026-09-30,2026-10-27,K1160,陳正和,B組,9.0,33.0,1400000.0,0.0,0.0,5.0,67686.0,4.0,2.0,1.0
2026-10-01,2026-09-30,2026-10-27,竹苗區部,洪宏吉,,,592.0,23690000.0,56.0,1217921.0,240.0,4631604.0,133.0,72.0,43.0
2026-10-02,2026-09-30,2026-10-27,竹佑二分處,林昭仰,A組,1.0,31.0,1460000.0,2.0,36919.0,24.0,648274.0,8.0,5.0,5.0
2026-10-02,2026-09-30,2026-10-27,HC701,范德亮,A組,2.0,85.0,4770000.0,8.0,93407.0,51.0,1668864.0,21.0,14.0,10.0
2026-10-02,2026-09-30,2026-10-27,竹佑本部,范德亮,A組,3.0,29.0,2020000.0,3.0,26816.0,17.0,690539.0,7.0,4.0,2.0
2026-10-02,2026-09-30,2026-10-27,HC711,謝志遠,A組,4.0,45.0,1900000.0,4.0,71386.0,31.0,523669.0,17.0,8.0,6.0
2026-10-02,2026-09-30,2026-10-27,HC702,范國良,A組,5.0,41.0,1740000.0,3.0,34092.0,17.0,388783.0,11.0,7.0,5.0
2026-10-02,2026-09-30,2026-10-27,HC798,闕博川,A組,6.0,40.0,1580000.0,1.0,51230.0,26.0,321637.0,16.0,9.0,5.0
2026-10-02,2026-09-30,2026-10-27,HC888,羅永成,A組,7.0,40.0,1540000.0,4.0,62657.0,20.0,253646.0,9.0,6.0,3.0
2026-10-02,2026-09-30,2026-10-27,HC899,陳俊郎,A組,8.0,111.0,3530000.0,3.0,14226.0,23.0,299732.0,14.0,8.0,4.0
2026-10-02,2026-09-30,2026-10-27,HC157,王新智,B組,1.0,19.0,660000.0,0.0,0.0,13.0,490995.0,9.0,6.0,3.0
2026-10-02,2026-09-30,2026-10-27,MLD50,温樂芸,B組,2.0,36.0,1430000.0,1.0,17220.0,29.0,367972.0,19.0,8.0,5.0
2026-10-02,2026-09-30,2026-10-27,竹佑一分處,李永瀚,B組,3.0,25.0,1290000.0,3.0,29672.0,10.0,330051.0,6.0,5.0,3.0
2026-10-02,2026-09-30,2026-10-27,HC198,鄭素珠,B組,4.0,37.0,1350000.0,2.0,74678.0,16.0,302721.0,10.0,5.0,4.0
2026-10-02,2026-09-30,2026-10-27,MLD00,金明建,B組,5.0,32.0,1160000.0,4.0,92538.0,27.0,252620.0,7.0,4.0,2.0
2026-10-02,2026-09-30,2026-10-27,HC789,陳仕君,B組,6.0,20.0,730000.0,0.0,0.0,7.0,108162.0,5.0,3.0,2.0
2026-10-02,2026-09-30,2026-10-27,HC169,李吳宅,B組,7.0,20.0,660000.0,0.0,0.0,1.0,80604.0,1.0,1.0,1.0
2026-10-02,2026-09-30,2026-10-27,HCD00,陳婉琳,B組,8.0,33.0,1290000.0,0.0,0.0,8.0,88160.0,5.0,3.0,1.0
2026-10-02,2026-09-30,2026-10-27,K1160,陳正和,B組,9.0,33.0,1400000.0,0.0,2600.0,5.0,70286.0,4.0,2.0,1.0
2026-10-02,2026-09-30,2026-10-27,竹苗區部,洪宏吉,,,592.0,23690000.0,30.0,514034.0,274.0,5217851.0,148.0,84.0,52.0
