date,unit,name,code,n,prem,fyc
2026-09-30,HC157,程政紘,20CLZ,1.0,34723,21534
2026-09-30,HC157,梁璦玲,10LTQ,1.0,51930,20327
2026-09-30,HC157,胡樹鴻,6PFA,1.0,637705,121164
2026-09-30,HC157,胡樹鴻,PFG,1.0,2139860,96294
2026-09-30,HC157,韋成龍,20OLA6,1.0,25634,9991
2026-09-30,HC157,魏淑惠,20CLX,1.0,36811,22728
2026-09-30,HC157,魏淑惠,10CLX,1.0,42673,17267
2026-09-30,HC157,范曉涓,20SDG,1.0,15650,9860
2026-09-30,HC157,范曉涓,20SDG,1.0,18055,10879
2026-09-30,HC157,唐韻琦,20CLX,1.0,32170,20044
2026-10-01,HC157,蔡芸萱,2PFG,1.0,1796665,152717
2026-10-01,HC157,蔡芸萱,20SDH,1.0,51500,24720
